André Weis,A. Weis,A Weis,,,,
Julian Pollersbeck,J. Pollersbeck,J Pollersbeck,Pollersbeck,,,
Jan-Ole Sievers,J. Sievers,J Sievers,Sievers,,,
Patrick Ziegler,P. Ziegler,P Ziegler,Ziegler,,,
Tim Heubach,T. Heubach,T Heubach,Heubach,,,
Naser Aliji,N. Aliji,N Aliji,Aliji,,,
Mensur Mujdza,M. Mujdza,M Mujdza,Mujdza,,,
Phillipp Mwene,P. Mwene,P Mwene,Mwene,,,
Marlon Frey,M. Frey,M Frey,,,,
Christoph Moritz,C. Moritz,C Moritz,Moritz,,,
Alexander Ring,A. Ring,A Ring,,,,
Daniel Halfar,D. Halfar,D Halfar,Halfar,,,
Nils Seufert,N. Seufert,N Seufert,Seufert,,,
Sebastian Kerk,S. Kerk,S Kerk,Kerk,,,
Zoltán Stieber,Z. Stieber,Z Stieber,Stieber,,,
Marcel Gaus,M. Gaus,M Gaus,Gaus,,,
Robert Pich,R. Pich,R Pich,Pich,,,
Nicklas Shipnoski,N. Shipnoski,N Shipnoski,Shipnoski,,,
Lukas Görtler,L. Görtler,L Görtler,Görtler,,,
Maximilian Dittgen,M. Dittgen,M Dittgen,Dittgen,,,
Jacques Zoua,J. Zoua,J Zoua,Zoua,,,
Kacper Przybylko,K. Przybylko,K Przybylko,Przybylko,,,
Osayamen Osawe,O. Osawe,O Osawe,Osawe,,,
Sebastian Jacob,S. Jacob,S Jacob,Jacob,,,
Erik Wekesser,E. Wekesser,E Wekesser,Wekesser,,,
Philipp Tschauner,P. Tschauner,P Tschauner,Tschauner,,,
Timo Königsmann,T. Königsmann,T Königsmann,Königsmann,,,
Samuel Sahin-Radlinger,S. Sahin-Radlinger,S Sahin-Radlinger,Sahin-Radlinger,,,
Salif Sané,S. Sané,S Sané,Sané,,,
Stefan Strandberg,S. Strandberg,S Strandberg,Strandberg,,,
Florian Hübner,F. Hübner,F Hübner,Hübner,,,
Waldemar Anton,W. Anton,W Anton,,,,
Timo Hübers,T. Hübers,T Hübers,Hübers,,,
Miiko Albornoz,M. Albornoz,M Albornoz,Albornoz,,,
Edgar Prib,E. Prib,E Prib,Prib,,,
Oliver Sorg,O. Sorg,O Sorg,Sorg,,,
Fynn Arkenberg,F. Arkenberg,F Arkenberg,Arkenberg,,,
Manuel Schmiedebach,M. Schmiedebach,M Schmiedebach,Schmiedebach,,,
Iver Fossum,I. Fossum,I Fossum,Fossum,,,
Marvin Bakalorz,M. Bakalorz,M Bakalorz,Bakalorz,,,
Sebastian Maier,S. Maier,S Maier,,,,
Felix Klaus,F. Klaus,F Klaus,,,,
Kenan Karaman,K. Karaman,K Karaman,Karaman,,,
Valmir Sulejmani,V. Sulejmani,V Sulejmani,Sulejmani,,,
Martin Harnik,M. Harnik,M Harnik,Harnik,,,
Uffe Bech,U. Bech,U Bech,Bech,,,
Niclas Füllkrug,N. Füllkrug,N Füllkrug,Füllkrug,,,
Charlison Benschop,C. Benschop,C Benschop,Benschop,,,
Babacar Gueye,B. Gueye,B Gueye,,,,
Wolfgang Hesl,W. Hesl,W Hesl,Hesl,,,
Daniel Davari,D. Davari,D Davari,Davari,,,
Nikolai Rehnen,N. Rehnen,N Rehnen,Rehnen,,,
Baboucarr Gaye,B. Gaye,B Gaye,,,,
Julian Börner,J. Börner,J Börner,Börner,,,
Brian Behrendt,B. Behrendt,B Behrendt,Behrendt,,,
Stephan Salger,S. Salger,S Salger,Salger,,,
Malcolm Cacutalua,M. Cacutalua,M Cacutalua,Cacutalua,,,
Manuel Hornig,M. Hornig,M Hornig,Hornig,,,
Sebastian Schuppan,S. Schuppan,S Schuppan,Schuppan,,,
Florian Hartherz,F. Hartherz,F Hartherz,Hartherz,,,
Florian Dick,F. Dick,F Dick,,,,
Steffen Lang,S. Lang,S Lang,,,,
Tom Schütz,T. Schütz,T Schütz,Schütz,,,
Tomasz Holota,T. Holota,T Holota,Holota,,,
Manuel Prietl,M. Prietl,M Prietl,Prietl,,,
Manuel Junglas,M. Junglas,M Junglas,Junglas,,,
Daniel Brinkmann,D. Brinkmann,D Brinkmann,Brinkmann,,,
Michael Görlitz,M. Görlitz,M Görlitz,Görlitz,,,
Michal Mak,M. Mak,M Mak,,,,
David Ulm,D. Ulm,D Ulm,,,,
Keanu Staude,K. Staude,K Staude,Staude,,,
Christopher Nöthe,C. Nöthe,C Nöthe,Nöthe,,,
Christoph Hemlein,C. Hemlein,C Hemlein,Hemlein,,,
Fabian Klos,F. Klos,F Klos,Klos,,,
Andreas Voglsammer,A. Voglsammer,A Voglsammer,Voglsammer,,,
Leandro Putaro,L. Putaro,L Putaro,Putaro,,,
René Vollath,R. Vollath,R Vollath,Vollath,,,
Dirk Orlishausen,D. Orlishausen,D Orlishausen,Orlishausen,,,
Florian Stritzel,F. Stritzel,F Stritzel,Stritzel,,,
Jordi Figueras,J. Figueras,J Figueras,,,,
Bjarne Thoelke,B. Thoelke,B Thoelke,Thoelke,,,
David Kinsombi,D. Kinsombi,D Kinsombi,Kinsombi,,,
Martin Stoll,M. Stoll,M Stoll,Stoll,,,
Ylli Sallahi,Y. Sallahi,Y Sallahi,Sallahi,,,
Enrico Valentini,E. Valentini,E Valentini,Valentini,,,
Matthias Bader,M. Bader,M Bader,Bader,,,
Franck Kom,F. Kom,F Kom,Kom,,,
Grischa Prömel,G. Prömel,G Prömel,Prömel,,,
Gaetan Krebs,G. Krebs,G Krebs,Krebs,,,
Marvin Mehlem,M. Mehlem,M Mehlem,Mehlem,,,
Tim Grupp,T. Grupp,T Grupp,Grupp,,,
Hiroki Yamada,H. Yamada,H Yamada,Yamada,,,
Boubacar Barry,B. Barry,B Barry,,,,
Yann Rolim,Y. Rolim,Y Rolim,Rolim,,,
Tim Fahrenholz,T. Fahrenholz,T Fahrenholz,Fahrenholz,,,
Moritz Stoppelkamp,M. Stoppelkamp,M Stoppelkamp,Stoppelkamp,,,
Manuel Torres,M. Torres,M Torres,,,,
Charalampos Mavrias,C. Mavrias,C Mavrias,Mavrias,,,
Dimitrios Diamantakos,D. Diamantakos,D Diamantakos,Diamantakos,,,
Florian Kamberi,F. Kamberi,F Kamberi,Kamberi,,,
Erwin Hoffer,E. Hoffer,E Hoffer,Hoffer,,,
Valentino Vujinovic,V. Vujinovic,V Vujinovic,Vujinovic,,,
Manuel Riemann,M. Riemann,M Riemann,Riemann,,,
Martin Kompalla,M. Kompalla,M Kompalla,Kompalla,,,
Felix Dornebusch,F. Dornebusch,F Dornebusch,Dornebusch,,,
Florian Kraft,F. Kraft,F Kraft,,,,
Pawel Dawidowicz,P. Dawidowicz,P Dawidowicz,Dawidowicz,,,
Felix Bastians,F. Bastians,F Bastians,Bastians,,,
Patrick Fabian,P. Fabian,P Fabian,,,,
Gökhan Gül,G. Gül,G Gül,Gül,,,
Tom Baack,T. Baack,T Baack,Baack,,,
Timo Perthel,T. Perthel,T Perthel,Perthel,,,
Jannik Bandowski,J. Bandowski,J Bandowski,Bandowski,,,
Nico Rieble,N. Rieble,N Rieble,Rieble,,,
Maxim Leitsch,M. Leitsch,M Leitsch,Leitsch,,,
Stefano Celozzi,S. Celozzi,S Celozzi,Celozzi,,,
Jan Gyamerah,J. Gyamerah,J Gyamerah,Gyamerah,,,
Anthony Losilla,A. Losilla,A Losilla,Losilla,,,
Tim Hoogland,T. Hoogland,T Hoogland,Hoogland,,,
Tim Krafft,T. Krafft,T Krafft,Krafft,,,
Dominik Wydra,D. Wydra,D Wydra,Wydra,,,
Alexander Merkel,A. Merkel,A Merkel,Merkel,,,
Russell Canouse,R. Canouse,R Canouse,Canouse,,,
Marco Stiepermann,M. Stiepermann,M Stiepermann,Stiepermann,,,
Kevin Stöger,K. Stöger,K Stöger,Stöger,,,
Thomas Eisfeld,T. Eisfeld,T Eisfeld,Eisfeld,,,
Görkem Saglam,G. Saglam,G Saglam,Saglam,,,
Hayk Galstyan,H. Galstyan,H Galstyan,Galstyan,,,
Tom Weilandt,T. Weilandt,T Weilandt,Weilandt,,,
Selim Gündüz,S. Gündüz,S Gündüz,Gündüz,,,
Vangelis Pavlidis,V. Pavlidis,V Pavlidis,Pavlidis,,,
Johannes Wurtz,J. Wurtz,J Wurtz,Wurtz,,,
Peniel Mlapa,P. Mlapa,P Mlapa,Mlapa,,,
Nils Quaschner,N. Quaschner,N Quaschner,Quaschner,,,
Jakob Busk,J. Busk,J Busk,Busk,,,
Michael Gspurning,M. Gspurning,M Gspurning,Gspurning,,,
Daniel Mesenhöler,D. Mesenhöler,D Mesenhöler,Mesenhöler,,,
Toni Leistner,T. Leistner,T Leistner,Leistner,,,
Roberto Puncec,R. Puncec,R Puncec,Puncec,,,
Fabian Schönheim,F. Schönheim,F Schönheim,Schönheim,,,
Emanuel Pogatetz,E. Pogatetz,E Pogatetz,Pogatetz,,,
Michael Parensen,M. Parensen,M Parensen,Parensen,,,
Kristian Pedersen,K. Pedersen,K Pedersen,Pedersen,,,
Christopher Lenz,C. Lenz,C Lenz,,,,
Benjamin Kessel,B. Kessel,B Kessel,Kessel,,,
Christopher Trimmel,C. Trimmel,C Trimmel,Trimmel,,,
Felix Kroos,F. Kroos,F Kroos,,,,
Stephan Fürstner,S. Fürstner,S Fürstner,Fürstner,,,
Benjamin Köhler,B. Köhler,B Köhler,Köhler,,,
Damir Kreilach,D. Kreilach,D Kreilach,Kreilach,,,
Eroll Zejnullahu,E. Zejnullahu,E Zejnullahu,Zejnullahu,,,
Dennis Daube,D. Daube,D Daube,Daube,,,
Lukas Lämmel,L. Lämmel,L Lämmel,Lämmel,,,
Simon Hedlund,S. Hedlund,S Hedlund,Hedlund,,,
Raffael Korte,R. Korte,R Korte,Korte,,,
Adrian Nikci,A. Nikci,A Nikci,Nikci,,,
Christopher Quiring,C. Quiring,C Quiring,Quiring,,,
Maximilian Thiel,M. Thiel,M Thiel,Thiel,,,
Steven Skrzybski,S. Skrzybski,S Skrzybski,Skrzybski,,,
Sören Brandy,S. Brandy,S Brandy,Brandy,,,
Philipp Hosiner,P. Hosiner,P Hosiner,Hosiner,,,
Collin Quaner,C. Quaner,C Quaner,Quaner,,,
Patrick Rakovsky,P. Rakovsky,P Rakovsky,Rakovsky,,,
Thorsten Kirschbaum,T. Kirschbaum,T Kirschbaum,Kirschbaum,,,
Raphael Schäfer,R. Schäfer,R Schäfer,Schäfer,,,
Dave Bulthuis,D. Bulthuis,D Bulthuis,Bulthuis,,,
Even Hovland,E. Hovland,E Hovland,Hovland,,,
Georg Margreitter,G. Margreitter,G Margreitter,Margreitter,,,
Lukas Mühl,L. Mühl,L Mühl,Mühl,,,
Laszlo Sepsi,L. Sepsi,L Sepsi,Sepsi,,,
Miso Brecko,M. Brecko,M Brecko,Brecko,,,
Hanno Behrens,H. Behrens,H Behrens,Behrens,,,
Patrick Erras,P. Erras,P Erras,Erras,,,
Ondrej Petrak,O. Petrak,O Petrak,Petrak,,,
Patrick Kammerbauer,P. Kammerbauer,P Kammerbauer,Kammerbauer,,,
Enis Alushi,E. Alushi,E Alushi,Alushi,,,
Willi Evseev,W. Evseev,W Evseev,Evseev,,,
Tim Leibold,T. Leibold,T Leibold,Leibold,,,
Kevin Möhwald,K. Möhwald,K Möhwald,Möhwald,,,
Philipp Hercher,P. Hercher,P Hercher,Hercher,,,
Rúrik Gíslason,R. Gíslason,R Gíslason,Gíslason,,,
Edgar Salli,E. Salli,E Salli,Salli,,,
Guido Burgstaller,G. Burgstaller,G Burgstaller,Burgstaller,,,
Tim Matavz,T. Matavz,T Matavz,Matavz,,,
Jakub Sylvestr,J. Sylvestr,J Sylvestr,Sylvestr,,,
Shawn Parker,S. Parker,S Parker,,,,
Cedric Teuchert,C. Teuchert,C Teuchert,Teuchert,,,
Jasmin Fejzic,J. Fejzic,J Fejzic,Fejzic,,,
Marcel Engelhardt,M. Engelhardt,M Engelhardt,Engelhardt,,,
Saulo Decarli,S. Decarli,S Decarli,Decarli,,,
Joseph Baffo,J. Baffo,J Baffo,Baffo,,,
Marcel Correia,M. Correia,M Correia,Correia,,,
Gustav Valsvik,G. Valsvik,G Valsvik,Valsvik,,,
Ken Reichel,K. Reichel,K Reichel,Reichel,,,
Niko Kijewski,N. Kijewski,N Kijewski,Kijewski,,,
Phil Ofosu-Ayeh,P. Ofosu-Ayeh,P Ofosu-Ayeh,Ofosu-Ayeh,,,
Maximilian Sauer,M. Sauer,M Sauer,,,,
Adam Matuschyk,A. Matuschyk,A Matuschyk,Matuschyk,,,
Quirin Moll,Q. Moll,Q Moll,Moll,,,
Mirko Boland,M. Boland,M Boland,Boland,,,
Nik Omladic,N. Omladic,N Omladic,Omladic,,,
Jan Hochscheidt,J. Hochscheidt,J Hochscheidt,Hochscheidt,,,
Hendrick Zuck,H. Zuck,H Zuck,Zuck,,,
Salim Khelifi,S. Khelifi,S Khelifi,Khelifi,,,
Onel Hernández,O. Hernández,O Hernández,,,,
Julius Biada,J. Biada,J Biada,Biada,,,
Christoffer Nyman,C. Nyman,C Nyman,Nyman,,,
Suleiman Abdullahi,S. Abdullahi,S Abdullahi,Abdullahi,,,
Domi Kumbela,D. Kumbela,D Kumbela,Kumbela,,,
Phillip Tietz,P. Tietz,P Tietz,Tietz,,,
Balázs Megyeri,B. Megyeri,B Megyeri,Megyeri,,,
Sebastian Mielitz,S. Mielitz,S Mielitz,Mielitz,,,
Sascha Burchert,S. Burchert,S Burchert,Burchert,,,
Marius Funk,M. Funk,M Funk,Funk,,,
Marcel Franke,M. Franke,M Franke,Franke,,,
Lukas Gugganig,L. Gugganig,L Gugganig,Gugganig,,,
Marco Caligiuri,M. Caligiuri,M Caligiuri,,,,
Nicolai Rapp,N. Rapp,N Rapp,Rapp,,,
Erhun Obanor,E. Obanor,E Obanor,Obanor,,,
Niko Gießelmann,N. Gießelmann,N Gießelmann,Gießelmann,,,
Sebastian Heidinger,S. Heidinger,S Heidinger,Heidinger,,,
Khaled Narey,K. Narey,K Narey,Narey,,,
Dominik Schad,D. Schad,D Schad,Schad,,,
Andreas Hofmann,A. Hofmann,A Hofmann,Hofmann,,,
Jurgen Gjasula,J. Gjasula,J Gjasula,Gjasula,,,
Benedikt Kirsch,B. Kirsch,B Kirsch,,,,
Sercan Sararer,S. Sararer,S Sararer,Sararer,,,
Zlatko Tripic,Z. Tripic,Z Tripic,Tripic,,,
George Davies,G. Davies,G Davies,,,,
Mathis Bolly,M. Bolly,M Bolly,Bolly,,,
Daniel Steininger,D. Steininger,D Steininger,Steininger,,,
Robert Zulj,R. Zulj,R Zulj,Zulj,,,
Veton Berisha,V. Berisha,V Berisha,Berisha,,,
Ante Vukusic,A. Vukusic,A Vukusic,Vukusic,,,
Sebastian Freis,S. Freis,S Freis,Freis,,,
Serdar Dursun,S. Dursun,S Dursun,Dursun,,,
Ilir Azemi,I. Azemi,I Azemi,Azemi,,,
Vitus Eicher,V. Eicher,V Eicher,Eicher,,,
Stefan Ortega,S. Ortega,S Ortega,Ortega,,,
Milos Degenek,M. Degenek,M Degenek,Degenek,,,
Jan Mauersberger,J. Mauersberger,J Mauersberger,Mauersberger,,,
Filip Stojkovic,F. Stojkovic,F Stojkovic,Stojkovic,,,
Marnon Busch,M. Busch,M Busch,Busch,,,
Fanol Perdedaj,F. Perdedaj,F Perdedaj,Perdedaj,,,
Kai Bülow,K. Bülow,K Bülow,Bülow,,,
Goran Sukalo,G. Sukalo,G Sukalo,Sukalo,,,
Daniel Adlung,D. Adlung,D Adlung,Adlung,,,
Romuald Lacazette,R. Lacazette,R Lacazette,,,,
Daylon Claasen,D. Claasen,D Claasen,Claasen,,,
Levent Aycicek,L. Aycicek,L Aycicek,Aycicek,,,
Michael Liendl,M. Liendl,M Liendl,Liendl,,,
Florian Neuhaus,F. Neuhaus,F Neuhaus,Neuhaus,,,
Nico Karger,N. Karger,N Karger,Karger,,,
Nicholas Helmbrecht,N. Helmbrecht,N Helmbrecht,Helmbrecht,,,
Moritz Heinrich,M. Heinrich,M Heinrich,Heinrich,,,
Stefan Aigner,S. Aigner,S Aigner,Aigner,,,
Victor Andrade,V. Andrade,V Andrade,Andrade,,,
Karim Matmour,K. Matmour,K Matmour,Matmour,,,
Krisztián Simon,K. Simon,K Simon,Simon,,,
Sascha Mölders,S. Mölders,S Mölders,Mölders,,,
Ivica Olic,I. Olic,I Olic,Olic,,,
Oliver Schnitzler,O. Schnitzler,O Schnitzler,Schnitzler,,,
Leon Jankowski,L. Jankowski,L Jankowski,Jankowski,,,
Kevin Kraus,K. Kraus,K Kraus,,,,
Timo Beermann,T. Beermann,T Beermann,Beermann,,,
Ibrahim Hajtic,I. Hajtic,I Hajtic,Hajtic,,,
Arne Feick,A. Feick,A Feick,Feick,,,
Robert Strauß,R. Strauß,R Strauß,Strauß,,,
Ronny Philp,R. Philp,R Philp,Philp,,,
Robin Becker,R. Becker,R Becker,Becker,,,
Sebastian Griesbeck,S. Griesbeck,S Griesbeck,Griesbeck,,,
Norman Theuerkauf,N. Theuerkauf,N Theuerkauf,Theuerkauf,,,
Martin Rasner,M. Rasner,M Rasner,Rasner,,,
Marcel Titsch-Rivero,M. Titsch-Rivero,M Titsch-Rivero,Titsch-Rivero,,,
Dave Gnaase,D. Gnaase,D Gnaase,Gnaase,,,
Marc Schnatterer,M. Schnatterer,M Schnatterer,Schnatterer,,,
David Atanga,D. Atanga,D Atanga,Atanga,,,
Tim Skarke,T. Skarke,T Skarke,Skarke,,,
Ben Halloran,B. Halloran,B Halloran,Halloran,,,
Smail Morabit,S. Morabit,S Morabit,Morabit,,,
Bard Finne,B. Finne,B Finne,Finne,,,
Denis Thomalla,D. Thomalla,D Thomalla,Thomalla,,,
John Verhoek,J. Verhoek,J Verhoek,Verhoek,,,
Tim Kleindienst,T. Kleindienst,T Kleindienst,Kleindienst,,,
Dominik Widemann,D. Widemann,D Widemann,Widemann,,,
Stipe Vucur,S. Vucur,S Vucur,Vucur,,,
Arvydas Novikovas,A. Novikovas,A Novikovas,Novikovas,,,
Patrick Schönfeld,P. Schönfeld,P Schönfeld,Schönfeld,,,
Stefan Mugosa,S. Mugosa,S Mugosa,Mugosa,,,
Martin Männel,M. Männel,M Männel,Männel,,,
Sascha Kirschstein,S. Kirschstein,S Kirschstein,Kirschstein,,,
Marius Schulze,M. Schulze,M Schulze,Schulze,,,
Mario Seidel,M. Seidel,M Seidel,Seidel,,,
Iván González,I. González,I González,González,,,
Thomas Paulus,T. Paulus,T Paulus,Paulus,,,
René Klingbeil,R. Klingbeil,R Klingbeil,Klingbeil,,,
Román Golobart,R. Golobart,R Golobart,Golobart,,,
Benedikt Krug,B. Krug,B Krug,Krug,,,
Marcin Sieber,M. Sieber,M Sieber,Sieber,,,
Sebastian Hertner,S. Hertner,S Hertner,Hertner,,,
Nils Miatke,N. Miatke,N Miatke,Miatke,,,
Thorsten Schulz,T. Schulz,T Schulz,Schulz,,,
Filip Luksik,F. Luksik,F Luksik,Luksik,,,
Vladimir Rankovic,V. Rankovic,V Rankovic,Rankovic,,,
Oliver Schröder,O. Schröder,O Schröder,Schröder,,,
Rico Benatelli,R. Benatelli,R Benatelli,Benatelli,,,
Dorian Diring,D. Diring,D Diring,Diring,,,
Clemens Fandrich,C. Fandrich,C Fandrich,Fandrich,,,
Philip Hauck,P. Hauck,P Hauck,Hauck,,,
Alexander Dartsch,A. Dartsch,A Dartsch,Dartsch,,,
Selcuk Alibaz,S. Alibaz,S Alibaz,Alibaz,,,
Mike Könnecke,M. Könnecke,M Könnecke,Könnecke,,,
Felix Kunert,F. Kunert,F Kunert,Kunert,,,
Romario Kortzorg,R. Kortzorg,R Kortzorg,Kortzorg,,,
Bobby Wood,B. Wood,B Wood,Wood,,,
Henri Anier,H. Anier,H Anier,Anier,,,
Frank Löning,F. Löning,F Löning,Löning,,,
Solomon Okoronkwo,S. Okoronkwo,S Okoronkwo,Okoronkwo,,,
Thomas Sonntag,T. Sonntag,T Sonntag,Sonntag,,,
Killien Jungen,K. Jungen,K Jungen,Jungen,,,
Marco Knaller,M. Knaller,M Knaller,Knaller,,,
Rick Wulle,R. Wulle,R Wulle,Wulle,,,
Michael Hiegl,M. Hiegl,M Hiegl,Hiegl,,,
Tim Kister,T. Kister,T Kister,Kister,,,
Daniel Gordon,D. Gordon,D Gordon,,,,
Benedikt Gimber,B. Gimber,B Gimber,Gimber,,,
Tim Knipping,T. Knipping,T Knipping,Knipping,,,
Leart Paqarada,L. Paqarada,L Paqarada,Paqarada,,,
Damian Roßbach,D. Roßbach,D Roßbach,Roßbach,,,
Philipp Klingmann,P. Klingmann,P Klingmann,Klingmann,,,
Denis Linsmayer,D. Linsmayer,D Linsmayer,Linsmayer,,,
Markus Karl,M. Karl,M Karl,,,,
Daniel Lukasik,D. Lukasik,D Lukasik,Lukasik,,,
Stefan Kulovits,S. Kulovits,S Kulovits,Kulovits,,,
Erik Zenga,E. Zenga,E Zenga,Zenga,,,
Steven Zellner,S. Zellner,S Zellner,Zellner,,,
Maximilian Jansen,M. Jansen,M Jansen,Jansen,,,
Manuel Stiefler,M. Stiefler,M Stiefler,Stiefler,,,
Moritz Kuhn,M. Kuhn,M Kuhn,Kuhn,,,
Marco Thiede,M. Thiede,M Thiede,Thiede,,,
Korbinian Vollmann,K. Vollmann,K Vollmann,Vollmann,,,
Thomas Pledl,T. Pledl,T Pledl,Pledl,,,
Taner Yalcin,T. Yalcin,T Yalcin,Yalcin,,,
Jakub Kosecki,J. Kosecki,J Kosecki,Kosecki,,,
Julian-Maurice Derstroff,J. Derstroff,J Derstroff,Derstroff,,,
Andrew Wooten,A. Wooten,A Wooten,Wooten,,,
Lucas Höler,L. Höler,L Höler,Höler,,,
Richard Sukuta-Pasu,R. Sukuta-Pasu,R Sukuta-Pasu,Sukuta-Pasu,,,
Michael Rensing,M. Rensing,M Rensing,Rensing,,,
Lars Unnerstall,L. Unnerstall,L Unnerstall,Unnerstall,,,
Tim Wiesner,T. Wiesner,T Wiesner,Wiesner,,,
Kaan Ayhan,K. Ayhan,K Ayhan,Ayhan,,,
Kevin Akpoguma,K. Akpoguma,K Akpoguma,Akpoguma,,,
Alexander Madlung,A. Madlung,A Madlung,Madlung,,,
Robin Bormuth,R. Bormuth,R Bormuth,Bormuth,,,
Lukas Schmitz,L. Schmitz,L Schmitz,Schmitz,,,
Anderson Lucoqui,A. Lucoqui,A Lucoqui,Lucoqui,,,
Julian Schauerte,J. Schauerte,J Schauerte,Schauerte,,,
Adam Bodzek,A. Bodzek,A Bodzek,Bodzek,,,
Marcel Sobottka,M. Sobottka,M Sobottka,Sobottka,,,
Christian Gartner,C. Gartner,C Gartner,Gartner,,,
Kaan Akca,K. Akca,K Akca,Akca,,,
Taylan Duman,T. Duman,T Duman,Duman,,,
Jerome Kiesewetter,J. Kiesewetter,J Kiesewetter,Kiesewetter,,,
Axel Bellinghausen,A. Bellinghausen,A Bellinghausen,Bellinghausen,,,
Arianit Ferati,A. Ferati,A Ferati,Ferati,,,
Özkan Yildirim,O. Yildirim,O Yildirim,Yildirim,,,
Marlon Ritter,M. Ritter,M Ritter,Ritter,,,
Ihlas Bebou,I. Bebou,I Bebou,Bebou,,,
Rouwen Hennings,R. Hennings,R Hennings,,,,
Maecky Ngombo,M. Ngombo,M Ngombo,Ngombo,,,
Emmanuel Iyoha,E. Iyoha,E Iyoha,Iyoha,,,
Kemal Rüzgar,K. Rüzgar,K Rüzgar,Rüzgar,,,
Mitchell Langerak,M. Langerak,M Langerak,Langerak,,,
Jens Grahl,J. Grahl,J Grahl,Grahl,,,
Benjamin Uphoff,B. Uphoff,B Uphoff,Uphoff,,,
Timo Baumgartl,T. Baumgartl,T Baumgartl,,,,
Toni Sunjic,T. Sunjic,T Sunjic,Sunjic,,,
Marcin Kaminski,M. Kaminski,M Kaminski,Kaminski,,,
Benjamin Pavard,B. Pavard,B Pavard,Pavard,,,
Stephen Sama,S. Sama,S Sama,Sama,,,
Emiliano Insúa,E. Insúa,E Insúa,Insúa,,,
Philip Heise,P. Heise,P Heise,Heise,,,
Kevin Großkreutz,K. Großkreutz,K Großkreutz,Großkreutz,,,
Florian Klein,F. Klein,F Klein,,,,
Hajime Hosogai,H. Hosogai,H Hosogai,Hosogai,,,
Mart Ristl,M. Ristl,M Ristl,Ristl,,,
Christian Gentner,C. Gentner,C Gentner,Gentner,,,
Anto Grgic,A. Grgic,A Grgic,Grgic,,,
Max Besuschkow,M. Besuschkow,M Besuschkow,Besuschkow,,,
Alexandru Maxim,A. Maxim,A Maxim,Maxim,,,
Marvin Wanitzek,M. Wanitzek,M Wanitzek,Wanitzek,,,
Berkay Özcan,B. Özcan,B Özcan,Özcan,,,
Joel Sonora,J. Sonora,J Sonora,Sonora,,,
Tobias Werner,T. Werner,T Werner,Werner,,,
Jean Zimmer,J. Zimmer,J Zimmer,Zimmer,,,
Carlos Mané,C. Mané,C Mané,Mané,,,
Borys Tashchy,B. Tashchy,B Tashchy,Tashchy,,,
Daniel Ginczek,D. Ginczek,D Ginczek,Ginczek,,,
Simon Terodde,S. Terodde,S Terodde,Terodde,,,
Takuma Asano,T. Asano,T Asano,Asano,,,
Robin Himmelmann,R. Himmelmann,R Himmelmann,Himmelmann,,,
Philipp Heerwagen,P. Heerwagen,P Heerwagen,Heerwagen,,,
Svend Brodersen,S. Brodersen,S Brodersen,Brodersen,,,
Philipp Ziereis,P. Ziereis,P Ziereis,Ziereis,,,
Sören Gonther,S. Gonther,S Gonther,Gonther,,,
Jacob Rasmussen,J. Rasmussen,J Rasmussen,Rasmussen,,,
Daniel Buballa,D. Buballa,D Buballa,Buballa,,,
Joël Keller,J. Keller,J Keller,Keller,,,
Marc Hornschuh,M. Hornschuh,M Hornschuh,Hornschuh,,,
Jan-Philipp Kalla,J. Kalla,J Kalla,Kalla,,,
Bernd Nehrig,B. Nehrig,B Nehrig,Nehrig,,,
Christopher Avevor,C. Avevor,C Avevor,Avevor,,,
Christopher Buchtmann,C. Buchtmann,C Buchtmann,Buchtmann,,,
Richard Neudecker,R. Neudecker,R Neudecker,Neudecker,,,
Dennis Rosin,D. Rosin,D Rosin,Rosin,,,
Jeremy Dudziak,J. Dudziak,J Dudziak,Dudziak,,,
Maurice Litka,M. Litka,M Litka,Litka,,,
Cenk Sahin,C. Sahin,C Sahin,Sahin,,,
Waldemar Sobota,W. Sobota,W Sobota,Sobota,,,
Ryo Miyaichi,R. Miyaichi,R Miyaichi,Miyaichi,,,
Kyoung-Rok Choi,K. Choi,K Choi,Choi,,,
Aziz Bouhaddouz,A. Bouhaddouz,A Bouhaddouz,Bouhaddouz,,,
Marvin Ducksch,M. Ducksch,M Ducksch,Ducksch,,,
Fafà Picault,F. Picault,F Picault,Picault,,,
Nico Empen,N. Empen,N Empen,Empen,,,
